,index,Capacidade Bat,Pot Motor Var,LCOE Total,Fração Renovável,Inicialização
2,2,312.679799850188,12.207597787437955,0.700688315377069,0.5345627319507509,0
3,3,499.92628492438564,55.20729564015888,0.7804113244905758,0.8433823823194279,0
4,4,253.46775157778316,25.10371042039789,0.7130369156482037,0.6196841191744931,0
5,5,120.05948077605737,44.97089349873942,0.7132275636956565,0.6741313222105652,0
6,6,120.04085026853353,45.39883922822803,0.7141693322452165,0.7075864641272639,0
7,7,121.33554818399266,41.14390785603182,0.7134242770141562,0.674604528070893,0
8,8,270.93390345894016,20.203524911352456,0.7074157140384131,0.5909462783356463,0
9,9,317.0085992070591,15.808358805449972,0.7072681394468298,0.5710263074699287,0
10,10,353.438276463419,13.356024084255196,0.7047351336295528,0.5471681312939812,0
11,11,291.73807249743084,15.077714056996502,0.7047466738969297,0.5629140866176023,0
12,12,316.97951776816177,24.589896414481284,0.7126139842236056,0.6061125314385916,0
13,13,250.15866881622654,25.101445810018145,0.7126914093434439,0.6185431904747815,0
14,14,362.2665313733771,57.47350440774477,0.7582775397017081,0.7980236464044009,0
15,15,402.76437060311594,46.83970207791711,0.7651485851947172,0.8121242542233889,0
16,16,431.5358778302521,45.72483851393784,0.7698253673890394,0.8217100669895382,0
17,17,153.04819526312792,74.82825035722733,0.7202840849032772,0.7200840560536734,0
18,18,347.88235213160374,46.21392997786162,0.7557760667911592,0.792913773197479,0
19,19,233.01650271064182,56.9183771740306,0.7349766242027981,0.750247922906956,0
20,20,283.39856720175555,22.176407488653865,0.7086402754981033,0.5950701539945461,0
21,21,390.0850047440209,46.810121402071104,0.7630300334850598,0.8077822439392056,0
22,22,305.31591379263944,55.13842312116093,0.7481615708211253,0.777287662759048,0
23,23,295.67371479839863,20.397379921004912,0.7100402785816732,0.5991087743153692,0
24,24,305.31591379263944,24.925255069698355,0.7112188558291394,0.6022849333895028,0
25,25,446.92878301481187,53.7702573966544,0.7722855702013677,0.8267380982365314,0
26,26,451.9045761418158,51.644951956247986,0.7730607936163891,0.8283298674180434,0
27,27,305.3449952315368,16.143717459793542,0.7059976922139017,0.5672937252100675,0
28,28,379.7675873967512,45.67108064051464,0.7612751055855789,0.8041869602754351,0
29,29,194.35991283953203,46.28520460440256,0.7278656745886923,0.7356812041396428,0
30,30,178.37864891828994,61.82736177149836,0.7249326294880866,0.7296418287974922,0
31,31,145.75290594329584,46.8672175759556,0.7189236831314153,0.7173363178392461,0
32,32,416.3537785314976,53.780280481810145,0.7673851775697738,0.8166966566604977,0
33,33,168.51918607815935,45.46964382683489,0.7231020260655106,0.7259121253483909,0
34,34,467.6574215182704,55.215383161335254,0.7754884985568742,0.8332977015287557,0
35,35,325.53124836915356,13.41476970585358,0.7017731317107014,0.5385747674049278,0
36,36,484.7663923018826,46.00102231230587,0.7781081794740498,0.838679524814906,0
37,37,219.49693554517458,45.86768446924388,0.7324837990850146,0.7451527492021985,0
38,38,336.2011138055851,13.393755213332675,0.7028362489071115,0.5419009046836554,0
39,39,351.7486958349817,13.356024084255196,0.7045477425170518,0.546661978784831,0
40,40,279.88346409895803,62.20143253132689,0.743578942871136,0.7678800520143255,0
41,41,420.14950933832205,53.780280481810145,0.767999244400046,0.81795501391197,0
42,42,218.80607284329983,57.063930056203944,0.7323654056040112,0.7448926680238458,0
43,43,338.51184766369147,48.86289016280303,0.7541199945276351,0.7895144047148961,0
44,44,318.65352125574634,46.62917161000778,0.7505542978743351,0.7822070704881766,0
45,45,206.2908228514622,55.11124314233565,0.7300697009291293,0.7401876973944308,0
46,46,499.62078842233916,45.47914297440403,0.7803581818307554,0.8432894843383364,0
47,47,243.94990674206585,45.327595824289546,0.7369830224395133,0.754380439968081,0
48,48,194.35991283953203,46.28520460440256,0.7278656745886923,0.7356812041396428,0
49,49,206.2908228514622,55.11124314233565,0.7300697009291293,0.7401876973944308,0
50,50,470.25478762770797,55.215383161335254,0.7758879577383034,0.834116059039573,0
51,51,296.71386561769054,16.727060424518314,0.7051689655220671,0.5645163408860964,0
52,52,241.1597858857076,45.86768446924388,0.7364686446475016,0.7533247676709651,0
53,53,315.92436185703644,23.936663926288098,0.7124895672782162,0.6057667979843467,0
54,54,316.97951776816177,17.055803816700458,0.7072658713774168,0.5710170127188576,0
55,55,178.37864891828994,61.82736177149836,0.7249326294880866,0.7296418287974922,0
56,56,168.51918607815935,45.46964382683489,0.7231020260655106,0.7259121253483909,0
57,57,253.46775157778316,45.23184871335707,0.7387389529946891,0.7579817019855143,0
58,58,380.5852207144173,46.810121402071104,0.7614160087715395,0.8044739541155504,0
59,59,481.5883139222244,46.045569547148816,0.7776208844022326,0.8376811721333353,0
60,0,312.5103727194789,10.307474089345519,0.7006736113229577,0.5345099606125134,1
61,1,312.5103727194789,10.307474089345519,0.7006736113229577,0.5345099606125134,1
63,3,499.83967873697884,45.500625629477184,0.7803906947818916,0.8433560453098286,1
64,4,316.1911445026426,20.907619590518454,0.712518557442144,0.6058541962903865,1
65,5,120.00003213443487,44.98150578856423,0.7132180415683746,0.6741092356907797,1
66,6,126.04209950994198,44.58547438937205,0.7141268636714052,0.6763511337008027,1
67,7,499.83967873697884,45.500625629477184,0.7803906947818916,0.8433560453098286,1
68,8,120.00003213443487,45.00994509604003,0.7141614860935998,0.7075709570737253,1
69,9,318.3027621258428,19.17601106649297,0.70741449565686,0.5714400631856198,1
70,10,270.63550074361876,20.520141346865366,0.7074290815302622,0.5908470352820239,1
71,11,353.4619272137917,10.566494280947751,0.7047355898383223,0.5471752191009572,1
72,12,291.8595751083821,15.951283225321816,0.7047572609513278,0.5629531871649563,1
73,13,342.7001617262066,45.69417535300996,0.7548632939391358,0.7910433210715616,1
74,14,304.19446334786494,46.51069532962252,0.7479525633729355,0.7768727187448233,1
75,15,298.17801813998125,16.696654995820715,0.7053017176510328,0.5649872071160588,1
76,16,400.06015473525946,45.169168502917344,0.7646977951365914,0.8112030537319416,1
77,17,461.62860289864767,45.14532519170667,0.7745521241218245,0.8313957611865715,1
78,18,380.12705567411683,45.54468140573571,0.7613365564979113,0.8043131230555818,1
79,19,470.2076040748739,45.63286903086595,0.7758730684620723,0.8341011855418559,1
80,20,272.9118505586849,45.07259933770588,0.7422989129611524,0.7652821604970059,1
81,21,446.053669832726,47.60234352121963,0.7721428045439496,0.826455596409808,1
82,22,135.82800442413705,46.27435809233353,0.7170943816923375,0.713585128550955,1
83,23,318.3027621258428,19.17601106649297,0.70741449565686,0.5714400631856198,1
84,24,234.9010899022009,45.53897482945757,0.7353153852447,0.7509602568303756,1
85,25,485.3285265724706,72.68142443054072,0.7782157427023012,0.8388562382065029,1
86,26,309.62361900870945,20.0873848548555,0.7117350428852861,0.6037015946114457,1
87,27,250.74070504126803,45.418185492463074,0.7382363188136397,0.7569506486289068,1
88,28,158.0856900851257,45.89432396461825,0.721187025779617,0.7219800277290745,1
89,29,419.6914423298614,47.36117302637232,0.7679204084075049,0.8178038334168316,1
90,30,353.4619272137917,46.401853435638884,0.7567454228200522,0.7949006155995599,1
91,31,328.656987136568,48.67531121150749,0.752355329721383,0.7858964802385889,1
92,32,417.1660282814289,47.47962732438913,0.767511768867833,0.8169662439076621,1
93,33,173.1459791315925,45.691472440158144,0.723954986617224,0.7276613108322477,1
94,34,259.74355211182706,47.570797291209416,0.739890029901158,0.7603385206184824,1
95,35,208.24465215965623,45.14320515543804,0.7304210586122116,0.7409235987218472,1
96,36,364.63487124996414,46.763025667269865,0.7586779277369463,0.7988614873659025,1
97,37,316.1911445026426,55.57715919657627,0.7501186560930229,0.781299739838948,1
98,38,194.46121641557173,45.62362053783106,0.7278838408185142,0.7357194755945422,1
99,39,435.17863060400623,47.529304810589984,0.7704115471876062,0.8229083013795249,1
100,40,208.94603533881792,49.95994658178593,0.7305535756645277,0.7411879422804304,1
101,41,221.5821528422518,47.5435421635447,0.7328681074946092,0.7459382755257227,1
102,42,393.3856965337971,45.666194600809476,0.7635824254960552,0.8089162529206194,1
103,43,148.32507495806567,46.01122396277623,0.7193959353122613,0.7183062163824839,1
104,44,327.60884504667797,10.409405167945767,0.7019708566893496,0.5392238941658957,1
105,45,291.4863288202353,53.28903932079453,0.7456623602655826,0.7721659295811414,1
106,46,291.9616053318479,47.23465657525846,0.7457435337269197,0.7723418785647832,1
107,47,297.47194157481175,20.04494260444526,0.7102589571900438,0.5997006896630351,1
108,48,283.4262718066516,21.278680831233466,0.7086426337089222,0.5950792429313678,1
109,49,341.6410319628251,10.566494280947751,0.7034193986393606,0.5435861783873873,1
110,50,386.10431044961996,48.87182954267537,0.7623613582250017,0.8064084043076838,1
111,51,279.209819973362,52.83324347385932,0.7434500517448113,0.7676304457591937,1
112,52,489.9495533434255,45.53027154575328,0.7789019873299083,0.8403064868013174,1
113,53,223.59633254400552,48.388765407312775,0.7332387390080578,0.7466970332428868,1
114,54,327.60884504667797,10.409405167945767,0.7019708566893496,0.5392238941658957,1
115,55,233.7364935703979,46.35793333290273,0.7351013136937002,0.75051998732099,1
116,56,186.34798322981226,52.586426549122926,0.7263940490660074,0.7326533254128537,1
117,57,179.82758131281386,45.194446342266005,0.7251867347226382,0.7301884837508086,1
118,58,297.4869275585393,21.61291005496612,0.7102619641508113,0.5997056221835636,1
119,59,273.61013528990117,20.520141346865366,0.7076623502820699,0.5918369717339717,1
120,0,312.4559812172634,10.084935590742262,0.7006794776647652,0.5344930202107969,2
121,1,312.4559812172634,10.084935590742262,0.7006794776647652,0.5344930202107969,2
124,4,499.62438091790983,46.752593667228275,0.7803597346799319,0.8432905767142802,2
125,5,120.00000271021948,40.159855859221516,0.7132144938051281,0.6741092247591787,2
126,6,320.4008181734603,20.178158815371184,0.7130138049542414,0.6072347219156476,2
127,7,125.92161263049599,40.159855859221516,0.7141056920639038,0.6763063695989822,2
128,8,120.00000271021948,47.861565100563624,0.714163576072063,0.7075709458954041,2
129,9,271.03235151124994,20.318519289684847,0.7074247309415876,0.5909790233693503,2
130,10,353.57956308380125,14.860230570545452,0.7047519790753167,0.547210474066436,2
131,11,318.0711004771612,15.796923276401651,0.7073861505082188,0.5713659805997245,2
132,12,291.8777610475925,15.796528635484034,0.7047586562586401,0.5629590397424238,2
133,13,161.56411369350994,49.54475576299034,0.7218284767258822,0.723290202709815,2
134,14,280.9899731896667,21.97860766139156,0.7083869795111698,0.5942804261401536,2
135,15,386.2742921691705,59.56115833274542,0.7623983820463257,0.8064671399485862,2
136,16,370.84093913885823,47.857016610853194,0.7597456181842744,0.8010483257381109,2
137,17,150.6268145640915,51.78101508408503,0.7198227007622942,0.7191727270192918,2
138,18,227.33891434710986,49.02216060054339,0.7339261604202074,0.748105843369938,2
139,19,419.212499785623,50.846545211919135,0.7678458006399201,0.8176453166292537,2
140,20,254.3079837799653,46.26370960209631,0.7388946299488245,0.7582993353860844,2
141,21,262.1658063912034,46.18937264612041,0.7403327767355874,0.7612485692935517,2
142,22,301.0499369502876,22.74732630840728,0.7106961082045435,0.6008793408345121,2
143,23,303.7055302832049,22.74732630840728,0.7110208281328207,0.6017549054276131,2
144,24,301.9933039757423,58.63967307182418,0.747564356268525,0.7760573733742482,2
145,25,284.9720173141099,46.25524078667071,0.7444827546243452,0.7697582510951829,2
146,26,431.6057526643026,53.57409959857519,0.7698427781329736,0.8217330348106616,2
147,27,242.66456733880642,61.46368225394088,0.7367580060150345,0.7538939407113615,2
148,28,339.75582005688534,14.894237114820685,0.7032164263307376,0.5430023685873203,2
149,29,353.5696821040374,55.76802618358937,0.7567713348336428,0.7949388115716972,2
150,30,177.77635798566791,52.160022320835424,0.7248146791952254,0.7294147100259519,2
151,31,438.26708100382325,60.77970057001316,0.7709161975315075,0.8239208928538257,2
152,32,312.05343090117105,59.63150482510133,0.7493793225066517,0.7797774141657099,2
153,33,320.4008181734603,20.178158815371184,0.7130138049542414,0.6072347219156476,2
154,34,318.33613051221613,54.955439855048084,0.750503647320701,0.7820900609660939,2
155,35,187.0019904089037,59.50965882458476,0.7265199821947156,0.7329009889843532,2
156,36,486.17114763477747,48.8156559472459,0.7783260227019491,0.8391211969101929,2
157,37,327.8730767381947,12.48741541675428,0.7019981439371729,0.5393064957887295,2
158,38,317.79410345751427,14.894237114820685,0.7010980013312464,0.5361576308137187,2
159,39,399.4978076067277,49.339624705150136,0.764607119874136,0.8110105023640919,2
160,40,138.09136578915698,47.977342103794804,0.7175143402218062,0.7144439836960208,2
161,41,272.1928155573498,51.35888336577969,0.7421725072252326,0.765013130132471,2
162,42,450.35549918364666,53.60042679274541,0.772822588995947,0.8278386618041631,2
163,43,312.02107420716277,15.796923276401651,0.706718901569525,0.5694340684482762,2
164,44,127.82787320567965,48.06314055650745,0.7156121745383757,0.7105422141482673,2
165,45,243.71021127017548,47.221442797566425,0.7369402050211123,0.7542896925686012,2
166,46,222.02510866939048,46.73790394907367,0.7329489196238254,0.7461052445960822,2
167,47,211.10094767096362,49.74114878181891,0.7309483396795384,0.7419978981096722,2
168,48,195.13637064841055,52.160022320835424,0.7280131154282774,0.735974590421486,2
169,49,344.1613741908387,48.76924419905897,0.7551231681327586,0.7915711956755429,2
170,50,140.2759914887989,46.58472437899804,0.7179160437819412,0.715270072314752,2
171,51,302.116740668011,46.12143835872585,0.7475770630015458,0.7761031398708715,2
172,52,301.26118411267527,17.38875567029748,0.7055910352073633,0.5659797972201397,2
173,53,333.4474294920878,11.239956315022777,0.7025520327528676,0.5410463738833962,2
174,54,459.11547399672446,52.457840884051436,0.7741710997042236,0.8306032477098576,2
175,55,409.91461101945464,50.999706600058424,0.7663308970465583,0.8145405924824148,2
176,56,203.58372546830677,46.73790394907367,0.7295657243170929,0.7391670375272316,2
177,57,177.77635798566791,52.160022320835424,0.7248146791952254,0.7294147100259519,2
178,58,303.4157033557113,15.796923276401651,0.705800410032245,0.5666740838834317,2
179,59,395.94472777668926,51.98381059913037,0.7640155767555498,0.8097938656999576,2
182,2,312.3054568698161,11.626513742951053,0.7006984815768585,0.5344461411604982,3
183,3,499.93599350745376,45.82117202399138,0.7804052508409685,0.843385334759535,3
184,4,120.01510167266986,46.622898371124435,0.7141654625080226,0.7075766820445893,3
185,5,330.0852024228831,20.786149939767917,0.7141610258072357,0.6104122232007669,3
186,6,499.93599350745376,45.82117202399138,0.7804052508409685,0.843385334759535,3
187,7,317.34958610586386,15.755783305489034,0.7073059685282632,0.5711353000185383,3
188,8,270.7650226061252,23.163466659136784,0.7074176083877487,0.5908901100548731,3
189,9,353.36475828161696,11.893029635828878,0.7047258398833149,0.5471460993720171,3
190,10,291.66487665607036,15.049549974025322,0.7047426650251427,0.5628905326632689,3
191,11,200.1065315799817,50.37833957114622,0.7289285889159747,0.7378548018511748,3
192,12,436.0445829050285,45.64635006808877,0.7705487827168844,0.82319256257224,3
193,13,340.6988210578056,45.031365783517714,0.7545074220296453,0.7903147867406116,3
194,14,342.63501678651477,11.477122387542229,0.7035305335930856,0.5438919978984117,3
195,15,327.7009549167774,11.08212645247724,0.7019803285953753,0.5392526875385725,3
196,16,219.22189172261403,46.00181121467755,0.732433404568038,0.7450491961665524,3
197,17,137.214201818114,49.71711830554961,0.7173536639267548,0.7141117725346359,3
198,18,409.5978498687445,46.58385258314343,0.766275274809879,0.8144337200153405,3
199,19,420.42729358913755,45.960673420101784,0.7680377857196069,0.8180466243978188,3
200,20,310.92658626207026,23.578089182544563,0.7118928011179355,0.6041301657259377,3
201,21,223.67373617692422,46.00181121467755,0.7332511352885441,0.7467261442598296,3
202,22,285.7576217153961,63.72611917966955,0.7446375277493609,0.7700482200982012,3
203,23,475.2191343895313,51.811138949436696,0.7766497217011943,0.8356822140958989,3
204,24,123.41734160522908,46.01524219596406,0.7147939375552134,0.7088669011566961,3
205,25,293.4165430399834,23.163466659136784,0.709778995760806,0.5983644038184145,3
206,26,330.0852024228831,20.786149939767917,0.7141610258072357,0.6104122232007669,3
207,27,256.6468610416528,55.56009288951797,0.7393294832971408,0.7591766196540155,3
208,28,249.67426474933734,45.64635006808877,0.7380396215731506,0.7565469308657681,3
209,29,239.03329159498767,48.744848251848666,0.7360789427936638,0.7525211428761924,3
210,30,143.88935615737523,49.71711830554961,0.7185832233659816,0.7166337252218323,3
211,31,489.7647632297403,54.28538065605547,0.7788808147645779,0.8402487810790538,3
212,32,392.1692449738689,64.78452982797619,0.7633936442666025,0.8084986215466458,3
213,33,467.7840789297756,46.6389228325708,0.7755011434374783,0.8333375888217834,3
214,34,277.28557665003706,23.163466659136784,0.7080135508234151,0.5930580411067943,3
215,35,389.3200703038489,58.16426343618797,0.7629107263444788,0.8075194863163618,3
216,36,370.15312746917255,69.29504968607706,0.7596442067569606,0.8008061739374018,3
217,37,450.4566628081367,46.53634606228981,0.7728326916783679,0.8278708391315566,3
218,38,271.2333199206691,56.555951533946875,0.7420014767753818,0.7646542735195548,3
219,39,265.9111634339567,50.9408618602021,0.7410227936689838,0.762656177472799,3
220,40,358.4457517128862,45.037492099208606,0.7576070914053781,0.7966691430971364,3
221,41,174.5853566944164,45.64991534749293,0.7242206693079125,0.7282062893502974,3
222,42,375.714569795986,64.78452982797619,0.7605960393247861,0.8027644289414839,3
223,43,294.96747594268743,15.822871951181,0.7050156548129533,0.5639540924917886,3
224,44,163.14817446727528,54.34418047042866,0.7221227293660658,0.7238865734931774,3
225,45,305.0351579867424,47.53235650040349,0.7481050497350252,0.7771837608875113,3
226,46,352.9734900154608,62.787036449931804,0.7566737060754744,0.7947275016509538,3
227,47,447.51278326340946,46.77755195543303,0.7723720655475634,0.8269266780598099,3
228,48,153.05076372671078,51.48675480305313,0.720267262297118,0.7200850215543094,3
229,49,307.2119306059757,16.874021112388363,0.7061978967544594,0.5678929982375055,3
230,50,182.60491377770356,51.191317674064635,0.7257026332615187,0.7312374060772118,3
231,51,330.14035685229345,51.69551274660996,0.7526244988820594,0.786443559985249,3
232,52,184.90038862457382,45.81687955050348,0.7261218373868317,0.7321054240844722,3
233,53,155.0504457315809,51.48675480305313,0.7206339308990222,0.7208370841508996,3
234,54,240.57936443226197,48.744848251848666,0.7363638199648024,0.7531053381409574,3
235,55,298.5131953038219,23.8076382732966,0.7103872202667693,0.6000434925060986,3
236,56,414.08305538120993,53.95045564607173,0.7670163010469532,0.8159404573991398,3
237,57,192.7274748408389,65.3967937400481,0.7275793846100453,0.7350647472511437,3
238,58,312.3054568698161,47.455670688191624,0.7494151334217389,0.7798700548293623,3
239,59,307.9827067094169,23.81929515533387,0.7115412007403159,0.6031622367078436,3
240,0,312.003822126021,10.033708151308101,0.7007329551777867,0.5343522103728376,4
241,1,312.003822126021,10.033708151308101,0.7007329551777867,0.5343522103728376,4
244,4,499.92390601756347,45.49630048538914,0.7804031961280984,0.8433816588807728,4
245,5,120.00665587063779,41.09017172225861,0.7132162439373736,0.6741116965265564,4
246,6,252.08519195939547,25.489437252266065,0.7128909750871562,0.619207861122933,4
247,7,125.97400679070181,43.90201971702988,0.714116236113937,0.6763258351007273,4
248,8,499.92390601756347,45.49630048538914,0.7804031961280984,0.8433816588807728,4
249,9,120.03434083035451,45.97810244430195,0.7141685522068766,0.7075839911314643,4
250,10,317.15781466493775,17.956333440113166,0.7072863659134438,0.571074000358976,4
251,11,270.7485075491549,21.268172147446958,0.7074178833315298,0.5908846175347586,4
252,12,353.1344701267919,10.215722922852532,0.7046989878831103,0.5470770912745146,4
253,13,291.75582779139825,17.956333440113166,0.7047503269187054,0.5629198002795325,4
254,14,317.0003396847908,20.919287314223354,0.7126136011355501,0.6061193556698817,4
255,15,249.82764235146809,25.489437252266065,0.7126937965641783,0.6184289512810894,4
256,16,300.8006017366032,21.772512275833968,0.7106648674869717,0.6007971417091639,4
257,17,217.55344566831604,49.73578036231602,0.7321300479011194,0.7444213278128166,4
258,18,282.35293185628876,21.466968081157805,0.7085289317175941,0.5947272027178494,4
259,19,198.35743253550618,45.37123809301509,0.7286020722843428,0.7371928672061823,4
260,20,418.705389312753,45.81803846481914,0.7677598987673663,0.8174774062983421,4
261,21,343.7806198826427,10.215722922852532,0.7036580363119193,0.5442429644116696,4
262,22,317.15781466493775,51.970580580164054,0.7502895470472579,0.7816558126748528,4
263,23,234.44084135909145,47.1025978061285,0.7352317068342866,0.7507862325766779,4
264,24,358.66529449464673,46.39845916834025,0.7576461982029222,0.7967471383533753,4
265,25,379.0795033409434,45.875107977738445,0.7611574751576793,0.8039455180891025,4
266,26,284.5286563746837,46.03509527781328,0.7444027976720193,0.7695946522333771,4
267,27,129.36998006673653,45.97810244430195,0.7158966381572904,0.7111288470423454,4
268,28,227.71090758183502,46.08283984355965,0.7339922934759908,0.7482460112719141,4
269,29,295.391265403421,53.21366709404391,0.7463679015704997,0.7736127126623755,4
270,30,466.45648861571624,47.9084602678559,0.7752981236626316,0.8329195968275185,4
271,31,300.9088014338365,16.78999351743143,0.7055570687343912,0.5658662791613216,4
272,32,306.45857800987375,51.231876063046194,0.7483648824551039,0.7777106795043284,4
273,33,177.2470352084214,54.252571739018755,0.724718808470149,0.7292148931181979,4
274,34,187.0997609621441,45.53452141644764,0.7265275976988651,0.7329380201949912,4
275,35,144.05531075893006,45.49796574550896,0.7186106612691118,0.7166963966109439,4
276,36,483.7847923926577,50.422567038238356,0.7779611259767117,0.8383710384827945,4
277,37,346.0262726744742,51.22242150621359,0.7554531439969795,0.7922437938902971,4
278,38,394.96814852007645,53.21366709404391,0.7638530769481701,0.8094588381306043,4
279,39,326.3988380649428,12.984693389775604,0.7018552807480566,0.5388457622422571,4
280,40,144.05531075893006,45.49796574550896,0.7186106612691118,0.7166963966109439,4
281,41,158.31514926941674,45.97810244430195,0.7212292374868713,0.7220665017334743,4
282,42,317.15781466493775,17.956333440113166,0.7072863659134438,0.571074000358976,4
283,43,276.38428255745214,45.197674643822225,0.7429324270082297,0.766581031734067,4
284,44,438.67076760536474,49.183950714194665,0.7709714461712033,0.8240529004187284,4
285,45,159.9282379867946,55.495749938367275,0.7215328286078467,0.7226746863877866,4
286,46,391.29417239647717,51.93538174993528,0.7632367872018151,0.8081977715809241,4
287,47,258.5823896902384,46.263394170253896,0.7396764738988564,0.759902642264131,4
288,48,247.01957609124457,55.21229122320013,0.7375573013951696,0.7555428604956755,4
289,49,328.2245873642867,58.248388111942354,0.7522848800188406,0.785736873220069,4
290,50,433.346607459442,49.183950714194665,0.7701186615647734,0.8223054619173668,4
291,51,451.86779404872243,45.97019239182255,0.7730506013709149,0.8283182095807325,4
292,52,486.81451641824765,51.22242150621359,0.7784267251841702,0.8393235589717172,4
293,53,464.54506796791844,47.9084602678559,0.7750037085272784,0.8323164280748493,4
294,54,171.94445434468653,45.74819074903589,0.7237333750322981,0.7272066842899264,4
295,55,358.66529449464673,46.39845916834025,0.7576461982029222,0.7967471383533753,4
296,56,313.29641405089393,10.214807806226915,0.7007360322458991,0.5347548232529987,4
297,57,270.5379514954404,55.86631580139708,0.7418741596749125,0.7643942862760098,4
298,58,192.37752362912943,45.37757841679427,0.7275000004881866,0.7349326593828194,4
299,59,380.3720952658162,45.97810244430195,0.761378857586873,0.8043991360539204,4
302,2,312.31092742747984,10.187533079558586,0.7006967262450302,0.5344478448445985,5
303,3,499.86041655283,45.76798981351291,0.7803939876514846,0.8433623516194091,5
304,4,321.17130686810873,20.661861788572384,0.713106173929605,0.6074876888027521,5
305,5,120.0430272847551,42.32120181086201,0.7132229790189448,0.6741252092992094,5
306,6,124.86888627779894,42.22165365328782,0.7139523063415172,0.6759153683541892,5
307,7,120.0430272847551,46.464344277621535,0.7141705184423741,0.7075872911976718,5
308,8,317.7414501355641,16.880055823035605,0.7073503625035886,0.5712605761317253,5
309,9,271.05016165314885,23.706618261049577,0.707428955982173,0.5909849474054208,5
310,10,352.3375074808969,10.04452613090892,0.7046104587360275,0.5468383278548834,5
311,11,291.6689678958748,15.448057483291254,0.7047425037524573,0.5628918491768032,5
312,12,335.7614045674819,45.888348121291784,0.7536272116230606,0.7885088328882734,5
313,13,190.12112717173952,49.55848060346518,0.7270881540351113,0.7340815328989289,5
314,14,339.6291991910766,10.04452613090892,0.7031990425145979,0.5429631029488787,5
315,15,482.1374720956179,64.3917613638494,0.7777196906006608,0.8378535966170174,5
316,16,218.24617120550715,52.841744858238556,0.7322594746864852,0.7446819521344886,5
317,17,299.67978219124086,23.706618261049577,0.7105293264880818,0.6004277560079432,5
318,18,300.38884728949336,19.796980297145637,0.7055103415531129,0.5656988130957025,5
319,19,156.81050047974347,45.5651085947947,0.7209525784910925,0.7214996376730891,5
320,20,426.84082384743004,64.05540615938887,0.7690846333193919,0.8201625345440838,5
321,21,149.01788597614066,47.02474480263293,0.7195238600448836,0.7185670448670207,5
322,22,381.61135594346615,45.767586686080854,0.7615909811459881,0.8048342778882764,5
323,23,362.1130308342697,65.49615223938144,0.7582572352222956,0.7979692197838147,5
324,24,300.5648837433325,46.77427118356813,0.7472970371094346,0.7755279517237148,5
325,25,206.51083563982436,49.89322279493324,0.7301061748013278,0.7402705293266547,5
326,26,234.308151056642,65.01627035526337,0.7352207831402179,0.7507360683526084,5
327,27,350.71301039044846,45.43760390526543,0.7562696329458205,0.7939268197007396,5
328,28,240.62241950877035,52.841744858238556,0.7363748572201664,0.7531216130842389,5
329,29,138.19031824014064,46.370333266181625,0.7175314304964168,0.7144814691175284,5
330,30,315.28984709180816,19.665392449693822,0.7070828286725,0.5704771901840594,5
331,31,286.96495310562506,23.706618261049577,0.7090392462310319,0.5962411323410097,5
332,32,453.05993446900857,58.994166370854295,0.7732446784154506,0.8286946513148218,5
333,33,168.60816659773621,63.8142455642445,0.7231320533666631,0.7259457273712269,5
334,34,271.05016165314885,23.706618261049577,0.707428955982173,0.5909849474054208,5
335,35,390.2483950331429,49.96940881283454,0.7630598976204334,0.8078383801459424,5
336,36,437.99105864828323,49.95659193403592,0.7708635902507909,0.8238306444364656,5
337,37,322.9218123643231,50.087217392426346,0.7513251703015791,0.7837821136669683,5
338,38,413.187404971281,60.92888670187226,0.7668757923978016,0.8156412567325358,5
339,39,258.08345563392515,45.750446107775936,0.7395847856497247,0.759715426272287,5
340,40,324.9070024445723,12.658412311131002,0.701713279068676,0.5383798491910241,5
341,41,271.05016165314885,64.65328762612359,0.7419742523511834,0.7645857899320233,5
342,42,415.6410545693942,63.4328038868145,0.7672771758763638,0.8164597555961262,5
343,43,213.0411658909961,46.42412847546132,0.7313007982994197,0.7427258097553878,5
344,44,171.06050292514033,63.8142455642445,0.7235838360110395,0.7268723912395246,5
345,45,312.31092742747984,53.1989636614239,0.7494205358258751,0.7798720658375968,5
346,46,467.4643650798436,51.696110475194814,0.775456023126265,0.83323690740508,5
347,47,287.597170070812,23.706618261049577,0.7091105193199381,0.5964489168356635,5
348,48,400.9018442148777,64.91004039445906,0.7648536862914878,0.811490787209345,5
349,49,251.3635938021751,46.49601925273092,0.7383521721882789,0.7571865493535368,5
350,50,295.02484726014654,46.77427118356813,0.7462966982025147,0.7734768417555229,5
351,51,456.78435716022744,52.217235760700994,0.7738124225891271,0.8298688163512519,5
352,52,314.885814396274,14.259637393550346,0.7008667368986748,0.5352502156239737,5
353,53,311.59938634763097,20.20492087330932,0.7119695064123877,0.6043510135427409,5
354,54,134.2027883845944,46.551326590991216,0.7167930993984711,0.7129667346785706,5
355,55,352.3375074808969,10.04452613090892,0.7046104587360275,0.5468383278548834,5
356,56,472.8459843264477,64.3917613638494,0.7762941747871143,0.8349332863720138,5
357,57,180.63461059782082,49.95659193403592,0.7253388032302746,0.7304931292500517,5
358,58,437.58738663707464,47.03440212695951,0.7707968748615,0.8236986775915307,5
359,59,400.9018442148777,64.91004039445906,0.7648536862914878,0.811490787209345,5
362,2,312.2563123796531,10.022031885870764,0.700703063157071,0.534430836390264,6
363,3,312.2563123796531,10.022031885870764,0.700703063157071,0.534430836390264,6
364,4,499.74567569092426,48.84806433323399,0.7803794191308409,0.8433274598605733,6
365,5,120.18889572509819,47.48877966384085,0.7141982799343775,0.7076427101445191,6
366,6,232.06783441500272,31.42671363070928,0.7141971754922598,0.6467022508877753,6
367,7,229.18598645143825,31.708206726555012,0.7138473428688928,0.645686744595558,6
368,8,258.8177179119961,28.925747497139056,0.7136316280270725,0.6215159757649388,6
369,9,271.353168017547,21.600541064735644,0.7074552839558138,0.5910857415224188,6
370,10,351.396271905028,10.10395957171162,0.7045061466852234,0.5465564497853888,6
371,11,317.813268908725,16.145184793038325,0.7073577743644583,0.5712835385445473,6
372,12,291.7017179984818,15.80183876080541,0.7047442649669032,0.5629023878710476,6
373,13,247.38686329246678,28.034876676797154,0.7129307955371862,0.6175871883015779,6
374,14,319.38502977453817,21.354345835510728,0.7128942103225817,0.6069013563339313,6
375,15,473.63616236792114,49.191703581117316,0.7764037910313649,0.8351826593970364,6
376,16,351.396271905028,48.65233569673387,0.756390150702522,0.7941687526325256,6
377,17,305.12488215003975,22.04775946411659,0.7111933440095154,0.6022220380265975,6
378,18,142.58404190628917,50.459227394997974,0.718343514432269,0.7161409635585234,6
379,19,164.43644550627175,47.06383987828754,0.7223539339115396,0.7243719272045654,6
380,20,330.12266455767485,10.083423569624998,0.7022179522658207,0.5400095741071573,6
381,21,207.81592059206162,56.46861478716884,0.7303507929763,0.740762058947024,6
382,22,375.91504071877944,45.172099741570264,0.7606151103562265,0.8028349165692497,6
383,23,420.29978012090413,55.746990651948686,0.7680249785339199,0.8180045704412847,6
384,24,283.72969687115875,20.47489194406147,0.7086753674666675,0.5951787940615756,6
385,25,306.97090891951217,15.80183876080541,0.7061712745915205,0.5678158031298379,6
386,26,186.87149596107332,51.75637397645586,0.7264900911785348,0.7328515661654761,6
387,27,337.83304611008174,10.083423569624998,0.7030058626247399,0.5424063538481879,6
388,28,464.6082932023071,60.21738388494662,0.7750232455720196,0.8323363984086218,6
389,29,441.541019144718,55.746990651948686,0.7714335072753848,0.8249890331202733,6
390,30,240.72507700942276,48.36092893267363,0.736390389156575,0.7531604192848181,6
391,31,403.7615607870466,55.93021013478037,0.765320697928489,0.8124623527377707,6
392,32,324.7900348166749,48.3713896638248,0.7516594776055647,0.7844702484361383,6
393,33,366.8343807700928,49.276156936465746,0.7590582229192913,0.7996370179141022,6
394,34,126.88671862884348,57.640796139890334,0.7154448054405095,0.7101844120308757,6
395,35,434.59016087252826,55.71382305400977,0.7703234956462904,0.8227146128836382,6
396,36,337.85824373807304,48.78760461645712,0.7540033245278938,0.7892753300764783,6
397,37,321.49453514175195,51.14422619593768,0.7510689945063245,0.7832552082314272,6
398,38,388.6623456498088,56.10250914655027,0.7627984922846535,0.8072927621449906,6
399,39,403.5586812153848,56.01466349012881,0.7652871949154071,0.8123935547451456,6
400,40,164.43644550627175,47.06383987828754,0.7223539339115396,0.7243719272045654,6
401,41,177.82156186652966,60.20841596067615,0.7248289890917304,0.7294317536955403,6
402,42,248.28790377053394,55.746990651948686,0.7377915316362414,0.7560224133075725,6
403,43,227.65294615345096,49.66611745128464,0.7339843464063373,0.7482241696128039,6
404,44,295.9385799727687,16.711683587187796,0.7050993960888434,0.5642671374638898,6
405,45,310.8668465404062,51.179398971533075,0.7491593417741497,0.779339725901573,6
406,46,260.5565753970856,56.06280092139638,0.7400453906561054,0.7606438583862956,6
407,47,195.64043535325771,45.18115997561171,0.7281007905826026,0.7361651120614677,6
408,48,336.6780951861639,48.78760461645712,0.753792858597762,0.7888438375994103,6
409,49,388.6623456498088,56.10250914655027,0.7627984922846535,0.8072927621449906,6
410,50,216.64163710081462,50.663011888705256,0.7319635287331571,0.7440784111327305,6
411,51,273.80303414749807,57.8219972849212,0.742471299686347,0.7656157287809746,6
412,52,284.9595459958632,55.309759935323314,0.7444874363756799,0.7697536487523169,6
413,53,306.2043316371656,51.115953727454155,0.7483188782465112,0.777616537429354,6
414,54,283.72969687115875,20.47489194406147,0.7086753674666675,0.5951787940615756,6
415,55,295.78172274518164,55.746990651948686,0.746440470203239,0.7737575231958878,6
416,56,284.9595459958632,55.309759935323314,0.7444874363756799,0.7697536487523169,6
417,57,258.27027876354714,28.521613870928746,0.7135699600342955,0.6213286769207377,6
418,58,452.8296618675697,48.193882641422874,0.7732006174613298,0.8286219402318611,6
419,59,297.3269094071591,55.90864899096999,0.7467193897860716,0.7743291561603585,6
420,0,312.4470332771383,10.061446931862772,0.7006805187560202,0.5344902333880085,7
421,1,312.4470332771383,10.061446931862772,0.7006805187560202,0.5344902333880085,7
423,3,499.8756909437726,46.72320361880436,0.7803970201452431,0.8433669965481475,7
424,4,120.07040437176892,42.94588578457948,0.7132278267924345,0.6741353806458931,7
425,5,252.91739146603297,25.214743054494395,0.712978523036373,0.6194944954806914,7
426,6,120.07134762065921,56.40564972397442,0.7141830692755865,0.7075980504609892,7
427,7,123.19406654234936,42.182640448128744,0.7137031252700143,0.6752937348326021,7
428,8,317.834092979207,18.75215792414623,0.7073620973420144,0.5712901967085453,7
429,9,270.86688826364593,21.037841264755528,0.7074102873997503,0.5909239891336393,7
430,10,352.97693326517157,10.02253975566125,0.7046813618934086,0.5470298878611284,7
431,11,292.15991238390137,15.045977428958185,0.7047813194644034,0.5630498477401501,7
432,12,318.4822395734941,23.003628162646145,0.7127893400084618,0.6066052067237346,7
433,13,252.91739146603297,25.214743054494395,0.712978523036373,0.6194944954806914,7
434,14,355.5772015409429,51.73791813115836,0.7571155060726312,0.7956507517587564,7
435,15,210.076891883538,51.25591061912444,0.7307622518387943,0.7416139483279576,7
436,16,319.6315542365237,52.32286758079296,0.7507346003474097,0.7825677411953358,7
437,17,306.7321306476909,21.037841264755528,0.7113886685217536,0.6027513843881919,7
438,18,305.42327187725556,17.674793281911306,0.7060071093042121,0.5673188595138184,7
439,19,192.42531161455642,50.993044653004816,0.7275129958653062,0.7349506954589811,7
440,20,407.7838655135002,54.76561619981291,0.7659832042380985,0.8138219684683636,7
441,21,299.47015710293704,64.81118554102949,0.7471131116654575,0.77512244781615,7
442,22,255.65873872029155,53.168614208185815,0.7391470672301778,0.7588062311291537,7
443,23,326.20744637773714,11.115470469251214,0.7018355757778684,0.538785970988255,7
444,24,149.2186531110182,65.10638854129269,0.7195740818717373,0.718642597550094,7
445,25,438.33088565497513,53.78186761116656,0.7709208424975402,0.8239417558772585,7
446,26,336.1645109772172,52.83246797008887,0.7537044334825839,0.7886561308667235,7
447,27,364.00460986329944,49.98627989217334,0.7585719045487141,0.7986390082592836,7
448,28,481.9017913072705,64.05288948642426,0.7776832959146006,0.8377795932228289,7
449,29,418.22661374043855,57.213129148384034,0.7676912804247633,0.8173183889555256,7
450,30,382.40648208287746,56.29258350116129,0.7617354800044398,0.8051135943772032,7
451,31,157.37119114397507,62.78088699868823,0.721068290579643,0.7217108241820831,7
452,32,336.1645109772172,52.83246797008887,0.7537044334825839,0.7886561308667235,7
453,33,458.36249781697734,57.09129758972143,0.7740589502129696,0.8303659463562755,7
454,34,439.5539473080316,51.73791813115836,0.7711144484450548,0.8243417791439881,7
455,35,138.64538404521392,63.40934508339299,0.7176280361486242,0.7146538088981382,7
456,36,168.68320673329995,63.5451638254369,0.7231456711487932,0.7259740661823633,7
457,37,267.88187728878233,51.62406510571661,0.7413842535390505,0.7633963071537486,7
458,38,293.0428087906067,20.164349250588852,0.7097335577205042,0.5982412296437223,7
459,39,468.9519383777964,50.07843931576606,0.7756834488039129,0.8337054656425719,7
460,40,396.38193996995267,68.92752044153355,0.7641020726516004,0.8099439017181018,7
461,41,217.7656632065174,49.56264934236561,0.7321688468355767,0.7445011611820471,7
462,42,351.2757580040682,12.369416882986197,0.7044945477556416,0.5465203671557992,7
463,43,393.0459382279491,64.26831429014302,0.7635401915699066,0.8087998053278697,7
464,44,336.62844101854756,10.060545816529483,0.7028781056691908,0.5420332218362032,7
465,45,180.68966079995502,63.45698077772873,0.7253590086080796,0.7305139145471279,7
466,46,290.83397419100976,21.040040486202713,0.7094814682416525,0.5975136890426881,7
467,47,189.30889922188481,64.64987334413516,0.7269498336628702,0.733774723873794,7
468,48,230.8503542555202,50.18203288614758,0.7345726846151843,0.7494299682967821,7
469,49,290.1850430997984,64.813271455203,0.7454363481009914,0.7716843895571942,7
470,50,310.02070332469236,50.04581113748081,0.7490058909987128,0.7790268601809287,7
471,51,165.5279272667501,56.8658959947448,0.7225617838614194,0.7247833815862491,7
472,52,270.3860100312259,62.648388511502105,0.7418515434115012,0.7643373091473128,7
473,53,287.6667691203524,65.29043922203006,0.7449826224870897,0.7707533366238153,7
474,54,240.1711611753397,50.18203288614758,0.7362896719851202,0.7529510529846676,7
475,55,293.0620856395063,17.051352901701904,0.7048574112761402,0.5633402850648443,7
476,56,279.5152978408769,21.176678484444153,0.7082369404566019,0.5937942615113168,7
477,57,318.4822395734941,23.003628162646145,0.7127893400084618,0.6066052067237346,7
478,58,133.9616167652841,47.199142626772456,0.7167488572450516,0.712875011813425,7
479,59,374.68757648682424,63.188065506434214,0.7604186721089051,0.8024034243027135,7
482,2,312.314135137847,12.27659791766298,0.7006979548709147,0.5344488438170002,8
483,3,312.314135137847,12.27659791766298,0.7006979548709147,0.5344488438170002,8
484,4,499.97407721054844,45.023180038613,0.7804102661718165,0.8433969163509356,8
485,5,120.00027300146141,41.489018618363275,0.7132155138292356,0.6741093251770199,8
486,6,254.63937907486888,25.025148312362848,0.71316344096302,0.6200875437728806,8
487,7,120.00009808007864,45.00012666049406,0.7141614910932159,0.7075709821266144,8
488,8,499.97407721054844,45.023180038613,0.7804102661718165,0.8433969163509356,8
489,9,270.9580597644184,20.096957722724323,0.7074178182109029,0.5909543128782351,8
490,10,318.0418955214338,16.407581545157697,0.7073833764702155,0.5713566417737252,8
491,11,351.4445490512783,10.059819002671885,0.704511464003899,0.5465709048097096,8
492,12,291.976010643671,17.016834150948096,0.7047677702427659,0.5629906591736736,8
493,13,317.1319392635513,20.908334037543725,0.7126290515761803,0.6061624879952341,8
494,14,250.0133897063926,25.025148312362848,0.7126767792423633,0.6184930515410821,8
495,15,167.96585310313895,66.99186366276928,0.7230161613854011,0.7257032013216099,8
496,16,429.6462130129166,47.468298058096565,0.7695227172392518,0.8210870680528622,8
497,17,384.1093467774669,47.21788110625196,0.7620203756846784,0.805712112043748,8
498,18,306.4519098907683,22.814985297261043,0.7113558344358386,0.602659065249885,8
499,19,136.00325205657788,45.966751536713794,0.7171266802758963,0.7136518402119213,8
500,20,405.51768797341185,52.02835414073017,0.7656083269822023,0.8130581127224752,8
501,21,149.85512229290816,62.600092230507016,0.7196890360794771,0.7188821630428608,8
502,22,391.538015765508,49.45287328671352,0.7632757391556865,0.8082815936805142,8
503,23,194.63971580129243,60.71604539521098,0.7279280075571976,0.7357869154534415,8
504,24,280.93879179572536,22.093349202352677,0.7083817961493926,0.5942636472325233,8
505,25,296.65193511591735,58.52776589477561,0.7465996314802124,0.7740794888953134,8
506,26,181.2180122665328,67.48388211055627,0.7254592989624923,0.7307134326935177,8
507,27,478.32678964440834,52.19888662782215,0.7771262787591804,0.8366578639739297,8
508,28,351.64205373071434,48.509377532131154,0.7564325026841934,0.7942557982605271,8
509,29,228.21400453370114,48.07806011811436,0.7340862445299737,0.7484356195179701,8
510,30,366.5401527550184,58.85716293216292,0.7590150590563953,0.7995332319600037,8
511,31,203.32153377833188,47.11861390866622,0.7295177956647079,0.7390681600521539,8
512,32,125.77426863845676,46.26970022954396,0.7152303585545033,0.7097617052262826,8
513,33,459.9022092292955,45.06426311621513,0.7742862839615727,0.8308512617194049,8
514,34,246.90752861540182,47.452031716737,0.7375307663977254,0.755500509644777,8
515,35,306.4519098907683,16.901127871168942,0.7061163568234294,0.5676492362403428,8
516,36,319.39243395596884,13.170963671947652,0.7012291125867897,0.5366568469231489,8
517,37,329.02782758450894,45.966751536713794,0.7524200129203381,0.786033389996957,8
518,38,336.9163419129892,10.059815778984827,0.7029080483767308,0.5421223817620662,8
519,39,479.84648844499145,52.12887319396753,0.7773588934687176,0.8371345133657234,8
520,40,232.8332654038281,46.30686137008542,0.7349348646982263,0.7501786978107371,8
521,41,445.8265873612138,47.889116449807275,0.7721071863671766,0.8263821507003732,8
522,42,366.5401527550184,58.85716293216292,0.7590150590563953,0.7995332319600037,8
523,43,258.96264244819963,47.54974434044519,0.7397470477386401,0.7600453552633416,8
524,44,418.9013820550153,46.69777925607839,0.7677922896134635,0.817542361791775,8
525,45,177.83212425915022,66.99186366276928,0.7248359874784627,0.7294357361941173,8
526,46,216.39663868318956,47.452031716737,0.7319161947558974,0.7439862969431704,8
527,47,495.39399630877534,46.26970022954396,0.7797296027359726,0.842000653110437,8
528,48,289.03292394617307,52.12887319396753,0.745218821190358,0.7712582933708123,8
529,49,291.976010643671,22.93069157704127,0.7096142048940706,0.597889756253792,8
530,50,146.8420642451278,62.26822907332002,0.7191352470731036,0.7177468608585967,8
531,51,414.2820964911323,46.65158470200376,0.7670430075126006,0.8160069639796569,8
532,52,459.0353116387613,45.06426311621513,0.7741528929485881,0.8305779811760581,8
533,53,216.39663868318956,47.452031716737,0.7319161947558974,0.7439862969431704,8
534,54,347.9624425813589,10.065776571369955,0.7041234277734714,0.5455198516022812,8
535,55,336.9163419129892,45.99860831876966,0.7538331786033714,0.7889309279135713,8
536,56,340.8346746951182,46.03098037769513,0.7545323807334355,0.7903643679598528,8
537,57,445.8265873612138,47.889116449807275,0.7721071863671766,0.8263821507003732,8
538,58,269.46410170382524,49.85678397378434,0.7416729398937589,0.7639910389866319,8
539,59,255.62258294816246,51.64474953759925,0.7391393032462362,0.7587926817913676,8
542,2,312.50234798593385,10.211858562517168,0.7006740868404084,0.5345074612575882,9
543,3,312.50234798593385,10.211858562517168,0.7006740868404084,0.5345074612575882,9
544,4,499.99143288589744,51.77639474573864,0.7804182500487343,0.843402194419413,9
545,5,120.00044461799264,42.685154332970754,0.7132164202846951,0.6741093889355173,9
546,6,321.97127080434353,20.303869866740946,0.7132014477209121,0.6077504286889617,9
547,7,125.10999604236358,43.14099330452759,0.7139884174630375,0.6760049026162352,9
548,8,120.00044461799264,45.32940693239916,0.714161797240584,0.707571113777112,9
549,9,318.0275803442739,17.41055102000097,0.7073825591862004,0.5713520642766241,9
550,10,351.6968569772104,10.173678980483757,0.7045395230929826,0.5466464552469313,9
551,11,270.66091230429424,20.20437597020966,0.7074261944973697,0.5908554861342376,9
552,12,291.76844190446883,18.624187846029145,0.7047518669845907,0.5629238595359116,9
553,13,379.40670086532526,46.41454317658458,0.761213903797325,0.8040603195876403,9
554,14,362.26000263719754,46.59424242193136,0.7582679390919279,0.7980213314380965,9
555,15,407.54368548565265,56.22624377588801,0.7659448459203394,0.813741004279116,9
556,16,236.3260659980715,45.34778275360966,0.7355780718901799,0.7514992494469758,9
557,17,469.5089555967479,45.19670518723482,0.7757652371574527,0.8338809846824963,9
558,18,159.83254524093857,56.05503101030671,0.721515645283362,0.7226385937582038,9
559,19,199.82723419599938,56.606567251584146,0.7288818250721576,0.7377493256090703,9
560,20,216.01062129371573,57.89989314692906,0.7318532946624617,0.7438411847992242,9
561,21,307.30195551805167,20.246421984416386,0.7114568886021031,0.6029385988373372,9
562,22,324.9894511739035,12.266723675787716,0.7017206528832919,0.5384055902393777,9
563,23,147.7845347869696,45.163814342175144,0.7192958788822955,0.7181022903144124,9
564,24,283.0798029564541,20.21066978442859,0.7086045456024306,0.5949655867768174,9
565,25,482.40485297818805,45.32380955024574,0.7777454611561857,0.837937561849792,9
566,26,193.6762845507742,46.652632311144274,0.7277400407341865,0.7354229859536064,9
567,27,305.3362951645578,18.011873969360252,0.7059982122644386,0.56729093171164,9
568,28,170.18005267759594,47.37329140090657,0.7234093474588759,0.7265395669107508,9
569,29,395.64706784053345,45.17085415695489,0.7639604023614297,0.8096917350817976,9
570,30,221.821368592598,55.32293881306856,0.7329179367506509,0.7460284417581989,9
571,31,423.38326831887787,50.41432939603392,0.7685173365486451,0.8190221152743066,9
572,32,313.54726435025344,56.46009107671387,0.7496447802762607,0.7803266810220104,9
573,33,351.6155573797161,47.69241793734325,0.756427290120849,0.7942464139080084,9
574,34,326.7654066733749,45.17189105515703,0.7520121886756376,0.7851984975635562,9
575,35,439.1350358486782,46.634912216523546,0.7710435333756697,0.8242047448946759,9
576,36,446.63215013856956,46.634912216523546,0.7722331740137527,0.826642329020295,9
577,37,422.42791474823275,50.41432939603392,0.7683634208769484,0.8187067144024323,9
578,38,245.06480684470694,68.96774654388885,0.7372068040938877,0.7548026736315525,9
579,39,337.0351314129225,11.078443759989604,0.7029212418598159,0.5421591730645775,9
580,40,306.2934427419427,45.230945291751276,0.7483304461312,0.7776495321218095,9
581,41,278.53869672137694,50.343611003721534,0.7433267661656491,0.767381554904773,9
582,42,296.765681537214,20.21066978442859,0.7101730735071393,0.5994682688253441,9
583,43,249.70724323582965,56.43115961024124,0.7380538890319769,0.7565594122707339,9
584,44,320.88198335689333,20.246421984416386,0.7130713045513188,0.6073926874925402,9
585,45,455.2039511906106,45.17085415695489,0.7735639720165803,0.8293712750170578,9
586,46,291.68134004697293,45.17085415695489,0.7456913478725362,0.772238118662576,9
587,47,341.04001329917355,11.078443759989604,0.7033533224634755,0.5434002956199769,9
588,48,176.11343050570548,47.37329140090657,0.7245042450661084,0.7287852734546384,9
589,49,181.95971564926427,45.67037736046146,0.7255796363635572,0.730993604926369,9
590,50,140.093992685005,51.673593292718046,0.7178862670635625,0.7152012638973061,9
591,51,270.66091230429424,20.20437597020966,0.7074261944973697,0.5908554861342376,9
592,52,297.37527403076876,17.485363448776138,0.7052299087157068,0.5647290075596064,9
593,53,395.64706784053345,45.17085415695489,0.7639604023614297,0.8096917350817976,9
594,54,330.79979418016427,47.736306597311305,0.75273987185635,0.7866863782642977,9
595,55,129.5780039600556,50.414378693370224,0.7159385046664848,0.7112080160996599,9
596,56,268.554147063738,48.515537456063264,0.7415050899960628,0.763648947199379,9
597,57,286.2334423345445,47.1190242945159,0.744710501667557,0.7702238987759286,9
598,58,260.1938882467105,46.256318820787,0.7399715005018613,0.7605076334770121,9
599,59,347.50653953441514,45.280498100934246,0.7557091491414669,0.7927780728023867,9
